Account Number,SSN,Street Address,City,State,ZIP Code,Country
ACC-95822412,680-50-4483,3563 Hill Dr,Dallas,AZ,19744,USA
ACC-24942603,771-73-7482,2392 Maple Ln,Jacksonville,AR,22803,USA
ACC-13356886,758-68-3340,1504 Hill Blvd,San Diego,VA,19634,USA
ACC-46913810,371-27-5040,6785 Maple St,Chicago,MN,82642,USA
ACC-42868828,862-81-9830,8179 Cedar St,Philadelphia,NV,46170,USA
ACC-39958838,369-84-8019,7155 Hill Ave,San Jose,MA,89064,USA
ACC-28728463,697-61-6930,7663 Pine Dr,San Jose,VT,19064,USA
ACC-23756669,324-27-9348,9829 Maple St,San Diego,TX,97122,USA
ACC-83197857,605-21-1771,7403 Main Dr,Charlotte,WY,99070,USA
ACC-21668732,981-24-3504,7278 Lake Blvd,Chicago,MD,15856,USA
ACC-89254563,742-30-7916,6581 Oak Way,Nashville,IL,68926,USA
ACC-66629388,710-18-7304,9880 Park Ln,Fort Worth,PA,24972,USA
ACC-14265799,490-86-8668,9517 Park Dr,Philadelphia,NY,93296,USA
ACC-13999315,641-42-1188,6803 Lake Dr,Charlotte,NY,31922,USA
ACC-22575562,796-24-9797,8980 Oak Ct,Charlotte,OH,38644,USA
ACC-39345092,868-44-6573,3490 Oak Ln,Jacksonville,OH,46842,USA
ACC-41227216,214-47-8123,4155 Park Dr,Phoenix,OR,92890,USA
ACC-77827638,261-68-1053,1137 River Dr,San Antonio,NV,37767,USA
ACC-90801586,839-43-9201,7109 Pine Way,Phoenix,TN,49566,USA
ACC-13561597,880-32-9317,8610 Lake St,New York,VT,55032,USA
ACC-85329037,208-90-5889,8791 Hill St,Nashville,TN,31511,USA
ACC-36687537,961-91-9317,4165 River Ln,Nashville,WA,89638,USA
ACC-97226012,723-35-3504,5285 Cedar Dr,Denver,NE,57895,USA
ACC-83140807,482-30-9837,1450 River Ln,Nashville,GA,46368,USA
ACC-66306997,897-77-1009,5167 Cedar St,New York,VA,27984,USA
ACC-39587039,713-51-9005,8228 Lake Ln,Jacksonville,AR,75484,USA
ACC-70291817,119-24-6947,3778 Main Ave,Columbus,WA,51934,USA
ACC-89089901,999-49-4923,230 Main Ave,San Jose,OR,49834,USA
ACC-47338124,159-40-2290,5138 Maple Ave,San Francisco,KS,65026,USA
ACC-10872248,187-72-2133,7226 Cedar Ave,San Jose,KY,51288,USA
ACC-31429110,878-78-3060,7504 Elm Dr,Dallas,DE,21851,USA
ACC-66722344,231-94-8787,1651 Lake St,Phoenix,DE,11567,USA
ACC-55667651,662-31-5342,929 Cedar Ln,Columbus,WA,61773,USA
ACC-47295260,640-87-7932,1099 Maple Blvd,Fort Worth,FL,64949,USA
ACC-30868105,316-79-4295,4702 Oak Ct,Indianapolis,ND,56849,USA
ACC-38898923,830-49-7537,5861 Hill Ln,Phoenix,OR,34672,USA
ACC-55176955,787-93-7118,1075 Oak Ave,Denver,VA,28566,USA
ACC-23718431,548-76-8397,3757 Hill Ct,Philadelphia,MO,50215,USA
ACC-22448136,223-41-4681,3999 Main Blvd,Philadelphia,SD,21629,USA
ACC-60992979,165-53-1344,9046 Park St,Indianapolis,OR,95323,USA
ACC-22981052,702-80-4770,607 Park Way,Philadelphia,RI,66911,USA
ACC-58181396,702-38-1117,162 Park St,San Jose,TX,91931,USA
ACC-56164955,172-90-1964,6178 Park Blvd,Philadelphia,NH,15848,USA
ACC-91030736,334-18-1514,7879 Hill Ave,Indianapolis,MD,20348,USA
ACC-45503389,980-52-2160,3408 Cedar Ct,Nashville,KY,51910,USA
ACC-15831819,626-40-5562,1830 Hill Ct,Houston,ME,80206,USA
ACC-71662963,785-72-4510,907 Lake Blvd,Jacksonville,AK,54284,USA
ACC-81971316,652-26-8744,6226 Oak Ln,Philadelphia,CA,50779,USA
ACC-26753883,348-70-7669,2129 Oak Ave,Jacksonville,NY,87862,USA
ACC-60806024,294-22-2588,4508 Park Ln,New York,WY,99417,USA
ACC-20576383,774-65-6804,9676 Maple St,San Francisco,TX,59051,USA
ACC-84093639,533-62-8651,2392 Oak Way,Indianapolis,ME,44003,USA
ACC-49349722,984-16-2612,2196 Elm Way,Seattle,WI,33995,USA
ACC-94374605,162-61-6559,3287 River St,Fort Worth,ND,49106,USA
ACC-93016315,919-23-5073,4581 Pine Ct,Philadelphia,OR,30766,USA
ACC-58537831,296-34-9786,4176 Pine Way,Jacksonville,MD,26899,USA
ACC-87490893,559-27-7912,2801 Park St,San Diego,IA,27197,USA
ACC-35808537,287-45-8579,7379 Park St,Seattle,KY,72180,USA
ACC-19335534,355-19-8260,4408 River Ave,Jacksonville,VA,63707,USA
ACC-16150444,927-80-2604,1329 Maple Blvd,San Diego,NJ,48800,USA
ACC-98753260,151-93-9856,1622 Main Ct,Austin,ID,24920,USA
ACC-40587988,956-11-2528,5975 Hill St,Phoenix,NM,73979,USA
ACC-48840994,871-40-3724,2535 River Ln,Los Angeles,AL,94331,USA
ACC-20709497,516-72-8886,7377 Hill Dr,Chicago,NY,68598,USA
ACC-41244663,318-61-1960,7545 Main Ln,Nashville,RI,72014,USA
ACC-23556182,268-58-1035,3172 Maple Ct,Fort Worth,IN,69905,USA
ACC-61019678,499-43-8454,2203 Maple Dr,Nashville,RI,52184,USA
ACC-47308985,392-64-8973,3391 Pine Ln,San Jose,UT,55258,USA
ACC-70855700,258-34-5861,514 Park Ave,Los Angeles,TX,17419,USA
ACC-95320121,322-17-9883,3992 River Ct,San Jose,VT,97096,USA
ACC-58966946,162-50-1936,4919 Lake Ave,Chicago,ID,32779,USA
ACC-31831063,151-84-8811,5034 Lake Ct,Denver,OK,56934,USA
ACC-59684848,614-77-3579,8791 Lake Ln,New York,DE,97679,USA
ACC-57683626,158-75-2312,818 Elm Way,San Antonio,MA,77357,USA
ACC-38119557,971-33-2122,489 Lake Way,Austin,AZ,21471,USA
ACC-99949389,709-18-4853,1136 Hill St,Chicago,MN,75907,USA
ACC-45833156,513-25-5033,4983 Main St,Seattle,OK,28530,USA
ACC-96977837,692-86-1651,3283 Maple Ave,Denver,AR,81939,USA
ACC-19583482,734-20-7868,5479 Hill Way,San Jose,VT,86568,USA
ACC-91756179,773-84-9565,5104 Lake Ln,Houston,ID,94613,USA
ACC-95225343,423-43-4346,8942 Lake Way,Phoenix,MS,61445,USA
ACC-32969840,785-50-4910,3035 Hill Ln,Phoenix,WV,73373,USA
ACC-81691040,371-60-3144,4580 Elm Ln,Seattle,OR,32786,USA
ACC-42857966,787-92-5915,4700 Pine Ave,Philadelphia,HI,57477,USA
ACC-31931511,568-50-2188,8499 Oak Ln,Phoenix,AR,31802,USA
ACC-72043515,109-68-2638,8469 Elm Ave,Austin,NJ,88188,USA
ACC-60929647,175-78-4492,1626 Lake Way,Phoenix,RI,80685,USA
ACC-46231783,618-43-3170,7917 Pine Ct,Chicago,ME,88419,USA
ACC-95899313,457-18-5002,4381 River Dr,Denver,MS,90200,USA
ACC-84752529,478-46-3584,1742 Pine Ln,Fort Worth,MI,82165,USA
ACC-39476249,548-79-5956,4793 Hill St,Philadelphia,SD,74797,USA
ACC-53524491,726-93-9666,5885 Park Dr,Denver,IL,77861,USA
ACC-17507864,108-95-5905,9252 Maple Ln,San Jose,MI,25336,USA
ACC-40742311,779-23-3200,3867 Main Dr,Jacksonville,ND,80208,USA
ACC-14308421,370-24-2753,4065 Elm Ave,San Diego,IL,42728,USA
ACC-52339391,860-80-3546,4691 Park Ave,Denver,FL,17097,USA
ACC-63843426,378-46-4450,6024 Hill Ct,Dallas,ID,81901,USA
ACC-45935572,834-53-4335,1736 Elm Ct,San Diego,OK,66651,USA
ACC-18883684,803-91-5325,1721 Cedar St,San Antonio,KY,72460,USA
ACC-38317637,617-72-5114,5426 River Dr,Charlotte,CO,59947,USA
